[
    {
        "date": "2024-01-01 00:00:00",
        "start": "2023-12-31T23:00:00.000Z",
        "end": "2024-01-01T23:00:00.000Z",
        "name": "Año Nuevo",
        "type": "public",
        "rule": "01-01"
    },
    {
        "date": "2024-01-06 00:00:00",
        "start": "2024-01-05T23:00:00.000Z",
        "end": "2024-01-06T23:00:00.000Z",
        "name": "Día de los Reyes Magos",
        "type": "public",
        "rule": "01-06"
    },
    {
        "date": "2024-03-19 00:00:00",
        "start": "2024-03-18T23:00:00.000Z",
        "end": "2024-03-19T23:00:00.000Z",
        "name": "San José",
        "type": "observance",
        "rule": "03-19"
    },
    {
        "date": "2024-03-28 00:00:00",
        "start": "2024-03-27T23:00:00.000Z",
        "end": "2024-03-28T23:00:00.000Z",
        "name": "Jueves Santo",
        "type": "observance",
        "rule": "easter -3"
    },
    {
        "date": "2024-03-29 00:00:00",
        "start": "2024-03-28T23:00:00.000Z",
        "end": "2024-03-29T23:00:00.000Z",
        "name": "Viernes Santo",
        "type": "public",
        "rule": "easter -2"
    },
    {
        "date": "2024-03-31 00:00:00",
        "start": "2024-03-30T23:00:00.000Z",
        "end": "2024-03-31T22:00:00.000Z",
        "name": "Pascua",
        "type": "observance",
        "rule": "easter"
    },
    {
        "date": "2024-04-01 00:00:00",
        "start": "2024-03-31T22:00:00.000Z",
        "end": "2024-04-01T22:00:00.000Z",
        "name": "Lunes de Pascua",
        "type": "public",
        "rule": "easter 1"
    },
    {
        "date": "2024-05-01 00:00:00",
        "start": "2024-04-30T22:00:00.000Z",
        "end": "2024-05-01T22:00:00.000Z",
        "name": "Día del trabajador",
        "type": "public",
        "rule": "05-01"
    },
    {
        "date": "2024-05-05 00:00:00",
        "start": "2024-05-04T22:00:00.000Z",
        "end": "2024-05-05T22:00:00.000Z",
        "name": "Día de la Madre",
        "type": "observance",
        "rule": "1st sunday in May"
    },
    {
        "date": "2024-05-19 00:00:00",
        "start": "2024-05-18T22:00:00.000Z",
        "end": "2024-05-19T22:00:00.000Z",
        "name": "Pentecostés",
        "type": "observance",
        "rule": "easter 49"
    },
    {
        "date": "2024-05-20 00:00:00",
        "start": "2024-05-19T22:00:00.000Z",
        "end": "2024-05-20T22:00:00.000Z",
        "name": "Lunes de Pentecostés",
        "type": "public",
        "rule": "easter 50"
    },
    {
        "date": "2024-06-24 00:00:00",
        "start": "2024-06-23T22:00:00.000Z",
        "end": "2024-06-24T22:00:00.000Z",
        "name": "San Juan",
        "type": "public",
        "rule": "06-24"
    },
    {
        "date": "2024-07-25 00:00:00",
        "start": "2024-07-24T22:00:00.000Z",
        "end": "2024-07-25T22:00:00.000Z",
        "name": "Santiago Apostol",
        "type": "observance",
        "note": "regional",
        "rule": "07-25"
    },
    {
        "date": "2024-08-15 00:00:00",
        "start": "2024-08-14T22:00:00.000Z",
        "end": "2024-08-15T22:00:00.000Z",
        "name": "Asunción",
        "type": "public",
        "rule": "08-15"
    },
    {
        "date": "2024-09-11 00:00:00",
        "start": "2024-09-10T22:00:00.000Z",
        "end": "2024-09-11T22:00:00.000Z",
        "name": "Dia de Cataluña",
        "type": "public",
        "rule": "09-11"
    },
    {
        "date": "2024-09-24 00:00:00",
        "start": "2024-09-23T22:00:00.000Z",
        "end": "2024-09-24T22:00:00.000Z",
        "name": "Mare de Déu de la Mercè",
        "type": "public",
        "rule": "09-24 if sunday then next monday"
    },
    {
        "date": "2024-10-12 00:00:00",
        "start": "2024-10-11T22:00:00.000Z",
        "end": "2024-10-12T22:00:00.000Z",
        "name": "Fiesta Nacional de España",
        "type": "public",
        "rule": "10-12"
    },
    {
        "date": "2024-11-01 00:00:00",
        "start": "2024-10-31T23:00:00.000Z",
        "end": "2024-11-01T23:00:00.000Z",
        "name": "Todos los Santos",
        "type": "public",
        "rule": "11-01"
    },
    {
        "date": "2024-12-06 00:00:00",
        "start": "2024-12-05T23:00:00.000Z",
        "end": "2024-12-06T23:00:00.000Z",
        "name": "Día de la Constitución Española",
        "type": "public",
        "rule": "12-06"
    },
    {
        "date": "2024-12-08 00:00:00",
        "start": "2024-12-07T23:00:00.000Z",
        "end": "2024-12-08T23:00:00.000Z",
        "name": "La inmaculada concepción",
        "type": "public",
        "rule": "12-08"
    },
    {
        "date": "2024-12-09 00:00:00",
        "start": "2024-12-08T23:00:00.000Z",
        "end": "2024-12-09T23:00:00.000Z",
        "name": "La inmaculada concepción (día sustituto)",
        "type": "observance",
        "substitute": true,
        "rule": "substitutes 12-08 if sunday then next monday"
    },
    {
        "date": "2024-12-25 00:00:00",
        "start": "2024-12-24T23:00:00.000Z",
        "end": "2024-12-25T23:00:00.000Z",
        "name": "Navidad",
        "type": "public",
        "rule": "12-25"
    },
    {
        "date": "2024-12-26 00:00:00",
        "start": "2024-12-25T23:00:00.000Z",
        "end": "2024-12-26T23:00:00.000Z",
        "name": "San Esteban",
        "type": "observance",
        "rule": "12-26"
    }
]